psu,psi
1,0.00011
2,0.018556
3,0.062998
4,0.078216
5,0.075245
6,0.073983
7,0.07658
8,0.038981
9,0.040772
10,0.022876
11,0.003721
12,0.024917
13,0.040654
14,0.014804
15,0.005577
16,0.070784
17,0.069635
18,0.03465
19,0.069492
20,0.03659
21,0.033853
22,0.016959
23,0.009066
24,0.021795
25,0.059186
